{
  "model": "Faster R-CNN",
  "precision": 0.43636363636363634,
  "recall": 0.75,
  "f1_score": 0.5517241379310345,
  "mAP50": 0.43636363636363634,
  "mAP50_95": 0.43636363636363634,
  "inference_ms": 26.98308437538799,
  "fps": 37.06025545812425,
  "training_time_min": 0.4687458166665844,
  "model_size_mb": 72.57052040100098
}