{
  "model": "YOLOv8",
  "precision": 0.9487253882740944,
  "recall": 0.9120073925595837,
  "f1_score": 0.9300041107754048,
  "mAP50": 0.9470858527611411,
  "mAP50_95": 0.7291988708107026,
  "inference_ms": 19.39678327645036,
  "fps": 51.554940102573624,
  "training_time_min": 352.5835567416667,
  "model_size_mb": 5.967257499694824
}